{"valueType":"relations","values":[[{"_typeName":"CourseInstance","id":"cjvpng9st07l50a56vx7b0k20","fieldName":"course"},{"_typeName":"Course","id":"cjupsc82701ut0756bfmkt1mm","fieldName":"instances"}],[{"_typeName":"CourseInstance","id":"cjwa6n48d09in0a5620b5nvov","fieldName":"course"},{"_typeName":"Course","id":"cjuspc9ud03fl0756i1ka1u6j","fieldName":"instances"}],[{"_typeName":"Student","id":"cjurxtfdx02is07562oy0t1td","fieldName":"courses"},{"_typeName":"CourseStudent","id":"cjuza4uq5064r07561xi94bzn","fieldName":"student"}],[{"_typeName":"Student","id":"cjurxtfdw02ir07566gxeeg7r","fieldName":"courses"},{"_typeName":"CourseStudent","id":"cjuza4uq5064s0756mq8arny9","fieldName":"student"}],[{"_typeName":"Student","id":"cjuz8ni4a05q80756tpoh61or","fieldName":"courses"},{"_typeName":"CourseStudent","id":"cjuzab7y5066a0756c47902yk","fieldName":"student"}],[{"_typeName":"Student","id":"cjurxtfd002ie0756va99rbqj","fieldName":"courses"},{"_typeName":"CourseStudent","id":"cjuzab7y5066d0756nlpx8aye","fieldName":"student"}],[{"_typeName":"Student","id":"cjurxtfgu02jd0756ert1zhjr","fieldName":"courses"},{"_typeName":"CourseStudent","id":"cjuzab7y6066i075638yr57jk","fieldName":"student"}],[{"_typeName":"Student","id":"cjurxtfdt02io0756yc1j574c","fieldName":"courses"},{"_typeName":"CourseStudent","id":"cjuzabpnb067p0756hmczlajs","fieldName":"student"}],[{"_typeName":"Student","id":"cjurxtfgr02j90756m2w3vs43","fieldName":"courses"},{"_typeName":"CourseStudent","id":"cjuzabpnn067z07561x10yj7e","fieldName":"student"}],[{"_typeName":"Student","id":"cjuz8oqjp05qq0756tf8ig787","fieldName":"courses"},{"_typeName":"CourseStudent","id":"cjuzabpno06840756dbwoki5k","fieldName":"student"}],[{"_typeName":"Student","id":"cjuz8pdiu05r20756lebmvyb7","fieldName":"courses"},{"_typeName":"CourseStudent","id":"cjuzabpns068c0756pb980mon","fieldName":"student"}],[{"_typeName":"Student","id":"cjuz8p34605qw0756k99f37bm","fieldName":"courses"},{"_typeName":"CourseStudent","id":"cjuzabpo4068g0756mdaruf2c","fieldName":"student"}],[{"_typeName":"Student","id":"cjurxtfgj02j50756km540rx6","fieldName":"courses"},{"_typeName":"CourseStudent","id":"cjuzabpo9068p0756sux5yuvt","fieldName":"student"}],[{"_typeName":"Student","id":"cjuzac79r069h0756dmevc97y","fieldName":"courses"},{"_typeName":"CourseStudent","id":"cjuzad98806a10756fteqseys","fieldName":"student"}],[{"_typeName":"Student","id":"cjuzacmqv069n0756zx48cw43","fieldName":"courses"},{"_typeName":"CourseStudent","id":"cjuzad98c06a707565widhwpr","fieldName":"student"}],[{"_typeName":"Student","id":"cjuzad0oe069t0756l09jxg4q","fieldName":"courses"},{"_typeName":"CourseStudent","id":"cjuzad98e06ad0756ll5vd6e2","fieldName":"student"}],[{"_typeName":"Student","id":"cjuz8oe6505qk07562cly60qt","fieldName":"courses"},{"_typeName":"CourseStudent","id":"cjuzqm7w106ek0756kskamvos","fieldName":"student"}],[{"_typeName":"Student","id":"cjuz8o19t05qe0756x0g5rk0y","fieldName":"courses"},{"_typeName":"CourseStudent","id":"cjuzqm7w106el0756dfcti2q6","fieldName":"student"}],[{"_typeName":"Student","id":"cjv6v8mfz03bj0a5633z5w2o2","fieldName":"courses"},{"_typeName":"CourseStudent","id":"cjv6vavx903cp0a56x9dvj803","fieldName":"student"}],[{"_typeName":"Student","id":"cjurxtfdw02ir07566gxeeg7r","fieldName":"courses"},{"_typeName":"CourseStudent","id":"cjv6vavx903cq0a56voi2u282","fieldName":"student"}],[{"_typeName":"Student","id":"cjurxtfd002ie0756va99rbqj","fieldName":"courses"},{"_typeName":"CourseStudent","id":"cjv6vavxb03cv0a56iaz0gcts","fieldName":"student"}],[{"_typeName":"Student","id":"cjurxtfdx02is07562oy0t1td","fieldName":"courses"},{"_typeName":"CourseStudent","id":"cjv6vavxf03d10a56s67f6ybk","fieldName":"student"}],[{"_typeName":"Student","id":"cjv6v964403bp0a561zmq7htr","fieldName":"courses"},{"_typeName":"CourseStudent","id":"cjv6vavxj03d70a56yyyux7b8","fieldName":"student"}],[{"_typeName":"Student","id":"cjv6v8bhu03bd0a56wnexs7ya","fieldName":"courses"},{"_typeName":"CourseStudent","id":"cjv6vavy303dd0a5610yjfr01","fieldName":"student"}],[{"_typeName":"Student","id":"cjv6v9p2y03bv0a569x5sp35z","fieldName":"courses"},{"_typeName":"CourseStudent","id":"cjv6vaw0i03eb0a56u7qc20ug","fieldName":"student"}],[{"_typeName":"Student","id":"cjurxtfgu02jd0756ert1zhjr","fieldName":"courses"},{"_typeName":"CourseStudent","id":"cjv6ve8f703fh0a56q3zsclex","fieldName":"student"}],[{"_typeName":"Student","id":"cjurxtfd502ij0756jm4sanwt","fieldName":"courses"},{"_typeName":"CourseStudent","id":"cjv6vg0x203fs0a565ywud0ox","fieldName":"student"}],[{"_typeName":"Student","id":"cjurxtfg702j10756yd5l6mzx","fieldName":"courses"},{"_typeName":"CourseStudent","id":"cjv6vg0xh03fy0a56a5y3le5i","fieldName":"student"}],[{"_typeName":"Student","id":"cjv6v7a4a03av0a56betcyx3x","fieldName":"courses"},{"_typeName":"CourseStudent","id":"cjv6vg0xt03g80a56dfnb8pvr","fieldName":"student"}],[{"_typeName":"Student","id":"cjurxtfgj02j50756km540rx6","fieldName":"courses"},{"_typeName":"CourseStudent","id":"cjv6vhosa03j40a56xjsfdj18","fieldName":"student"}],[{"_typeName":"Student","id":"cjurxtfdt02io0756yc1j574c","fieldName":"courses"},{"_typeName":"CourseStudent","id":"cjv6vhosa03j50a56foz4lfja","fieldName":"student"}],[{"_typeName":"Student","id":"cjv6v7yh303b70a56pe55m84r","fieldName":"courses"},{"_typeName":"CourseStudent","id":"cjv6viwn003l40a56bct7talv","fieldName":"student"}],[{"_typeName":"Student","id":"cjv6va41s03c10a567699q03g","fieldName":"courses"},{"_typeName":"CourseStudent","id":"cjv6viwn103l90a56gw7dorul","fieldName":"student"}],[{"_typeName":"Student","id":"cjv6v7okb03b10a56xy3yqve5","fieldName":"courses"},{"_typeName":"CourseStudent","id":"cjv6viwn203ld0a56p2cm493w","fieldName":"student"}],[{"_typeName":"Student","id":"cjv6wm51m03p80a56sgxjp0u6","fieldName":"courses"},{"_typeName":"CourseStudent","id":"cjv6wmhxp03pg0a56m0p55t1p","fieldName":"student"}],[{"_typeName":"Student","id":"cjurxtfg702j10756yd5l6mzx","fieldName":"courses"},{"_typeName":"CourseStudent","id":"cjvlbn43o07160a566pqxapnh","fieldName":"student"}],[{"_typeName":"Student","id":"cjv6w8xdq03of0a56vfw0izoy","fieldName":"courses"},{"_typeName":"CourseStudent","id":"cjvlbougp071v0a56sk94plqp","fieldName":"student"}],[{"_typeName":"Student","id":"cjuzac79r069h0756dmevc97y","fieldName":"courses"},{"_typeName":"CourseStudent","id":"cjvqbddzs07uo0a56ox6dnana","fieldName":"student"}],[{"_typeName":"Payment","id":"cjwadzswb0b6r0a566rbyf2zl","fieldName":"card"},{"_typeName":"Card","id":"cjvuzj399090w0a56436rq0y0","fieldName":"payment"}],[{"_typeName":"Room","id":"cjujemclm008r0756ut6fd6jy"},{"_typeName":"Course","id":"cjupsc82701ut0756bfmkt1mm","fieldName":"room"}],[{"_typeName":"Room","id":"cjujemclm008r0756ut6fd6jy"},{"_typeName":"Course","id":"cjuspc9ud03fl0756i1ka1u6j","fieldName":"room"}],[{"_typeName":"Room","id":"cjujemclm008r0756ut6fd6jy"},{"_typeName":"Course","id":"cjv6wibin03os0a563mfpex8b","fieldName":"room"}],[{"_typeName":"CourseStudent","id":"cjuza4uq5064r07561xi94bzn","fieldName":"course"},{"_typeName":"Course","id":"cjupsc82701ut0756bfmkt1mm","fieldName":"courseStudents"}],[{"_typeName":"CourseStudent","id":"cjuza4uq5064s0756mq8arny9","fieldName":"course"},{"_typeName":"Course","id":"cjupsc82701ut0756bfmkt1mm","fieldName":"courseStudents"}],[{"_typeName":"CourseStudent","id":"cjuzab7y5066a0756c47902yk","fieldName":"course"},{"_typeName":"Course","id":"cjupsc82701ut0756bfmkt1mm","fieldName":"courseStudents"}],[{"_typeName":"CourseStudent","id":"cjuzab7y5066d0756nlpx8aye","fieldName":"course"},{"_typeName":"Course","id":"cjupsc82701ut0756bfmkt1mm","fieldName":"courseStudents"}],[{"_typeName":"CourseStudent","id":"cjuzab7y6066i075638yr57jk","fieldName":"course"},{"_typeName":"Course","id":"cjupsc82701ut0756bfmkt1mm","fieldName":"courseStudents"}],[{"_typeName":"CourseStudent","id":"cjuzabpnb067p0756hmczlajs","fieldName":"course"},{"_typeName":"Course","id":"cjupsc82701ut0756bfmkt1mm","fieldName":"courseStudents"}],[{"_typeName":"CourseStudent","id":"cjuzabpnn067z07561x10yj7e","fieldName":"course"},{"_typeName":"Course","id":"cjupsc82701ut0756bfmkt1mm","fieldName":"courseStudents"}],[{"_typeName":"CourseStudent","id":"cjuzabpno06840756dbwoki5k","fieldName":"course"},{"_typeName":"Course","id":"cjupsc82701ut0756bfmkt1mm","fieldName":"courseStudents"}],[{"_typeName":"CourseStudent","id":"cjuzabpns068c0756pb980mon","fieldName":"course"},{"_typeName":"Course","id":"cjupsc82701ut0756bfmkt1mm","fieldName":"courseStudents"}],[{"_typeName":"CourseStudent","id":"cjuzabpo4068g0756mdaruf2c","fieldName":"course"},{"_typeName":"Course","id":"cjupsc82701ut0756bfmkt1mm","fieldName":"courseStudents"}],[{"_typeName":"CourseStudent","id":"cjuzabpo9068p0756sux5yuvt","fieldName":"course"},{"_typeName":"Course","id":"cjupsc82701ut0756bfmkt1mm","fieldName":"courseStudents"}],[{"_typeName":"CourseStudent","id":"cjuzad98806a10756fteqseys","fieldName":"course"},{"_typeName":"Course","id":"cjupsc82701ut0756bfmkt1mm","fieldName":"courseStudents"}],[{"_typeName":"CourseStudent","id":"cjuzad98c06a707565widhwpr","fieldName":"course"},{"_typeName":"Course","id":"cjupsc82701ut0756bfmkt1mm","fieldName":"courseStudents"}],[{"_typeName":"CourseStudent","id":"cjuzad98e06ad0756ll5vd6e2","fieldName":"course"},{"_typeName":"Course","id":"cjupsc82701ut0756bfmkt1mm","fieldName":"courseStudents"}],[{"_typeName":"CourseStudent","id":"cjuzqm7w106ek0756kskamvos","fieldName":"course"},{"_typeName":"Course","id":"cjupsc82701ut0756bfmkt1mm","fieldName":"courseStudents"}],[{"_typeName":"CourseStudent","id":"cjuzqm7w106el0756dfcti2q6","fieldName":"course"},{"_typeName":"Course","id":"cjupsc82701ut0756bfmkt1mm","fieldName":"courseStudents"}],[{"_typeName":"CourseStudent","id":"cjvlbn43o07160a566pqxapnh","fieldName":"course"},{"_typeName":"Course","id":"cjupsc82701ut0756bfmkt1mm","fieldName":"courseStudents"}],[{"_typeName":"CourseStudent","id":"cjvlbougp071v0a56sk94plqp","fieldName":"course"},{"_typeName":"Course","id":"cjupsc82701ut0756bfmkt1mm","fieldName":"courseStudents"}],[{"_typeName":"CourseStudent","id":"cjv6vavx903cp0a56x9dvj803","fieldName":"course"},{"_typeName":"Course","id":"cjuspc9ud03fl0756i1ka1u6j","fieldName":"courseStudents"}],[{"_typeName":"CourseStudent","id":"cjv6vavx903cq0a56voi2u282","fieldName":"course"},{"_typeName":"Course","id":"cjuspc9ud03fl0756i1ka1u6j","fieldName":"courseStudents"}],[{"_typeName":"CourseStudent","id":"cjv6vavxb03cv0a56iaz0gcts","fieldName":"course"},{"_typeName":"Course","id":"cjuspc9ud03fl0756i1ka1u6j","fieldName":"courseStudents"}],[{"_typeName":"CourseStudent","id":"cjv6vavxf03d10a56s67f6ybk","fieldName":"course"},{"_typeName":"Course","id":"cjuspc9ud03fl0756i1ka1u6j","fieldName":"courseStudents"}],[{"_typeName":"CourseStudent","id":"cjv6vavxj03d70a56yyyux7b8","fieldName":"course"},{"_typeName":"Course","id":"cjuspc9ud03fl0756i1ka1u6j","fieldName":"courseStudents"}],[{"_typeName":"CourseStudent","id":"cjv6vavy303dd0a5610yjfr01","fieldName":"course"},{"_typeName":"Course","id":"cjuspc9ud03fl0756i1ka1u6j","fieldName":"courseStudents"}],[{"_typeName":"CourseStudent","id":"cjv6vaw0i03eb0a56u7qc20ug","fieldName":"course"},{"_typeName":"Course","id":"cjuspc9ud03fl0756i1ka1u6j","fieldName":"courseStudents"}],[{"_typeName":"CourseStudent","id":"cjv6ve8f703fh0a56q3zsclex","fieldName":"course"},{"_typeName":"Course","id":"cjuspc9ud03fl0756i1ka1u6j","fieldName":"courseStudents"}],[{"_typeName":"CourseStudent","id":"cjv6vg0x203fs0a565ywud0ox","fieldName":"course"},{"_typeName":"Course","id":"cjuspc9ud03fl0756i1ka1u6j","fieldName":"courseStudents"}],[{"_typeName":"CourseStudent","id":"cjv6vg0xh03fy0a56a5y3le5i","fieldName":"course"},{"_typeName":"Course","id":"cjuspc9ud03fl0756i1ka1u6j","fieldName":"courseStudents"}],[{"_typeName":"CourseStudent","id":"cjv6vg0xt03g80a56dfnb8pvr","fieldName":"course"},{"_typeName":"Course","id":"cjuspc9ud03fl0756i1ka1u6j","fieldName":"courseStudents"}],[{"_typeName":"CourseStudent","id":"cjv6vhosa03j40a56xjsfdj18","fieldName":"course"},{"_typeName":"Course","id":"cjuspc9ud03fl0756i1ka1u6j","fieldName":"courseStudents"}],[{"_typeName":"CourseStudent","id":"cjv6vhosa03j50a56foz4lfja","fieldName":"course"},{"_typeName":"Course","id":"cjuspc9ud03fl0756i1ka1u6j","fieldName":"courseStudents"}],[{"_typeName":"CourseStudent","id":"cjv6viwn003l40a56bct7talv","fieldName":"course"},{"_typeName":"Course","id":"cjuspc9ud03fl0756i1ka1u6j","fieldName":"courseStudents"}],[{"_typeName":"CourseStudent","id":"cjv6viwn103l90a56gw7dorul","fieldName":"course"},{"_typeName":"Course","id":"cjuspc9ud03fl0756i1ka1u6j","fieldName":"courseStudents"}],[{"_typeName":"CourseStudent","id":"cjv6viwn203ld0a56p2cm493w","fieldName":"course"},{"_typeName":"Course","id":"cjuspc9ud03fl0756i1ka1u6j","fieldName":"courseStudents"}],[{"_typeName":"CourseStudent","id":"cjv6wmhxp03pg0a56m0p55t1p","fieldName":"course"},{"_typeName":"Course","id":"cjuspc9ud03fl0756i1ka1u6j","fieldName":"courseStudents"}],[{"_typeName":"CourseStudent","id":"cjvqbddzs07uo0a56ox6dnana","fieldName":"course"},{"_typeName":"Course","id":"cjuspc9ud03fl0756i1ka1u6j","fieldName":"courseStudents"}],[{"_typeName":"Participant","id":"cjvpng9tj07l60a56vlyy7fqp","fieldName":"courseInstance"},{"_typeName":"CourseInstance","id":"cjvpng9st07l50a56vx7b0k20","fieldName":"participants"}],[{"_typeName":"Participant","id":"cjvpng9tu07l90a563p0fs4bf","fieldName":"courseInstance"},{"_typeName":"CourseInstance","id":"cjvpng9st07l50a56vx7b0k20","fieldName":"participants"}],[{"_typeName":"Participant","id":"cjvpng9v807lc0a566urfzibk","fieldName":"courseInstance"},{"_typeName":"CourseInstance","id":"cjvpng9st07l50a56vx7b0k20","fieldName":"participants"}],[{"_typeName":"Participant","id":"cjvpng9vz07lf0a56s1ehn9ot","fieldName":"courseInstance"},{"_typeName":"CourseInstance","id":"cjvpng9st07l50a56vx7b0k20","fieldName":"participants"}],[{"_typeName":"Participant","id":"cjvpng9w507li0a5638dkjpth","fieldName":"courseInstance"},{"_typeName":"CourseInstance","id":"cjvpng9st07l50a56vx7b0k20","fieldName":"participants"}],[{"_typeName":"Participant","id":"cjvpng9w907ll0a56o1mr1rc3","fieldName":"courseInstance"},{"_typeName":"CourseInstance","id":"cjvpng9st07l50a56vx7b0k20","fieldName":"participants"}],[{"_typeName":"Participant","id":"cjvpng9wi07lo0a56bnz1otlq","fieldName":"courseInstance"},{"_typeName":"CourseInstance","id":"cjvpng9st07l50a56vx7b0k20","fieldName":"participants"}],[{"_typeName":"Participant","id":"cjvpng9wm07lr0a562smyjey9","fieldName":"courseInstance"},{"_typeName":"CourseInstance","id":"cjvpng9st07l50a56vx7b0k20","fieldName":"participants"}],[{"_typeName":"Participant","id":"cjvpng9wv07lx0a56f87kuu4y","fieldName":"courseInstance"},{"_typeName":"CourseInstance","id":"cjvpng9st07l50a56vx7b0k20","fieldName":"participants"}],[{"_typeName":"Participant","id":"cjvpng9wz07m00a56llgckacf","fieldName":"courseInstance"},{"_typeName":"CourseInstance","id":"cjvpng9st07l50a56vx7b0k20","fieldName":"participants"}],[{"_typeName":"Participant","id":"cjvpng9x407m30a5682h2tcml","fieldName":"courseInstance"},{"_typeName":"CourseInstance","id":"cjvpng9st07l50a56vx7b0k20","fieldName":"participants"}],[{"_typeName":"Participant","id":"cjvpng9x807m60a56jyvx055j","fieldName":"courseInstance"},{"_typeName":"CourseInstance","id":"cjvpng9st07l50a56vx7b0k20","fieldName":"participants"}],[{"_typeName":"Participant","id":"cjvpng9xc07m90a56ahr4loq3","fieldName":"courseInstance"},{"_typeName":"CourseInstance","id":"cjvpng9st07l50a56vx7b0k20","fieldName":"participants"}],[{"_typeName":"Participant","id":"cjvpng9xi07mc0a56pl1rsblw","fieldName":"courseInstance"},{"_typeName":"CourseInstance","id":"cjvpng9st07l50a56vx7b0k20","fieldName":"participants"}],[{"_typeName":"Participant","id":"cjvppt60y07u00a56dcgbhtzm","fieldName":"courseInstance"},{"_typeName":"CourseInstance","id":"cjvpng9st07l50a56vx7b0k20","fieldName":"participants"}],[{"_typeName":"Participant","id":"cjvtalemg083k0a56uav63syl","fieldName":"courseInstance"},{"_typeName":"CourseInstance","id":"cjvpng9st07l50a56vx7b0k20","fieldName":"participants"}],[{"_typeName":"Participant","id":"cjwa6n4c209io0a56820dwdhx","fieldName":"courseInstance"},{"_typeName":"CourseInstance","id":"cjwa6n48d09in0a5620b5nvov","fieldName":"participants"}],[{"_typeName":"Participant","id":"cjwa6n4dq09ir0a56eud5adnb","fieldName":"courseInstance"},{"_typeName":"CourseInstance","id":"cjwa6n48d09in0a5620b5nvov","fieldName":"participants"}],[{"_typeName":"Participant","id":"cjwa6n4f009iu0a56sp8jzz2y","fieldName":"courseInstance"},{"_typeName":"CourseInstance","id":"cjwa6n48d09in0a5620b5nvov","fieldName":"participants"}],[{"_typeName":"Participant","id":"cjwa6n4fs09ix0a56zszjisx9","fieldName":"courseInstance"},{"_typeName":"CourseInstance","id":"cjwa6n48d09in0a5620b5nvov","fieldName":"participants"}],[{"_typeName":"Participant","id":"cjwa6n4g709j00a5653rgtkt8","fieldName":"courseInstance"},{"_typeName":"CourseInstance","id":"cjwa6n48d09in0a5620b5nvov","fieldName":"participants"}],[{"_typeName":"Participant","id":"cjwa6n4gd09j30a56l294gykp","fieldName":"courseInstance"},{"_typeName":"CourseInstance","id":"cjwa6n48d09in0a5620b5nvov","fieldName":"participants"}],[{"_typeName":"Participant","id":"cjwa6n4gk09j60a56t8hynjwx","fieldName":"courseInstance"},{"_typeName":"CourseInstance","id":"cjwa6n48d09in0a5620b5nvov","fieldName":"participants"}],[{"_typeName":"Participant","id":"cjwa6n4gx09j90a56jsnhhi2n","fieldName":"courseInstance"},{"_typeName":"CourseInstance","id":"cjwa6n48d09in0a5620b5nvov","fieldName":"participants"}],[{"_typeName":"Participant","id":"cjwa6n4h309jc0a5625kv8d46","fieldName":"courseInstance"},{"_typeName":"CourseInstance","id":"cjwa6n48d09in0a5620b5nvov","fieldName":"participants"}],[{"_typeName":"Participant","id":"cjwa6n4h709jf0a56mtsg8dal","fieldName":"courseInstance"},{"_typeName":"CourseInstance","id":"cjwa6n48d09in0a5620b5nvov","fieldName":"participants"}],[{"_typeName":"Participant","id":"cjwa6n4hc09ji0a5635ai70he","fieldName":"courseInstance"},{"_typeName":"CourseInstance","id":"cjwa6n48d09in0a5620b5nvov","fieldName":"participants"}],[{"_typeName":"Participant","id":"cjwa6n4hi09jl0a56sboejtm7","fieldName":"courseInstance"},{"_typeName":"CourseInstance","id":"cjwa6n48d09in0a5620b5nvov","fieldName":"participants"}],[{"_typeName":"Participant","id":"cjwa6n4ht09jo0a560jhzlhen","fieldName":"courseInstance"},{"_typeName":"CourseInstance","id":"cjwa6n48d09in0a5620b5nvov","fieldName":"participants"}],[{"_typeName":"Participant","id":"cjwa6n4hz09jr0a56gjdmlhsj","fieldName":"courseInstance"},{"_typeName":"CourseInstance","id":"cjwa6n48d09in0a5620b5nvov","fieldName":"participants"}],[{"_typeName":"Participant","id":"cjwa6n4i409ju0a56hu8y1sth","fieldName":"courseInstance"},{"_typeName":"CourseInstance","id":"cjwa6n48d09in0a5620b5nvov","fieldName":"participants"}],[{"_typeName":"Participant","id":"cjwa6n4i909jx0a560ys7711p","fieldName":"courseInstance"},{"_typeName":"CourseInstance","id":"cjwa6n48d09in0a5620b5nvov","fieldName":"participants"}],[{"_typeName":"Student","id":"cjurxtfdx02is07562oy0t1td"},{"_typeName":"Participant","id":"cjvpng9tj07l60a56vlyy7fqp","fieldName":"student"}],[{"_typeName":"Student","id":"cjurxtfdw02ir07566gxeeg7r"},{"_typeName":"Participant","id":"cjvpng9tu07l90a563p0fs4bf","fieldName":"student"}],[{"_typeName":"Student","id":"cjuz8ni4a05q80756tpoh61or"},{"_typeName":"Participant","id":"cjvpng9v807lc0a566urfzibk","fieldName":"student"}],[{"_typeName":"Student","id":"cjurxtfd002ie0756va99rbqj"},{"_typeName":"Participant","id":"cjvpng9vz07lf0a56s1ehn9ot","fieldName":"student"}],[{"_typeName":"Student","id":"cjurxtfdt02io0756yc1j574c"},{"_typeName":"Participant","id":"cjvpng9w507li0a5638dkjpth","fieldName":"student"}],[{"_typeName":"Student","id":"cjurxtfgr02j90756m2w3vs43"},{"_typeName":"Participant","id":"cjvpng9w907ll0a56o1mr1rc3","fieldName":"student"}],[{"_typeName":"Student","id":"cjuz8oqjp05qq0756tf8ig787"},{"_typeName":"Participant","id":"cjvpng9wi07lo0a56bnz1otlq","fieldName":"student"}],[{"_typeName":"Student","id":"cjuz8pdiu05r20756lebmvyb7"},{"_typeName":"Participant","id":"cjvpng9wm07lr0a562smyjey9","fieldName":"student"}],[{"_typeName":"Student","id":"cjurxtfgj02j50756km540rx6"},{"_typeName":"Participant","id":"cjvpng9wv07lx0a56f87kuu4y","fieldName":"student"}],[{"_typeName":"Student","id":"cjuzac79r069h0756dmevc97y"},{"_typeName":"Participant","id":"cjvpng9wz07m00a56llgckacf","fieldName":"student"}],[{"_typeName":"Student","id":"cjuzacmqv069n0756zx48cw43"},{"_typeName":"Participant","id":"cjvpng9x407m30a5682h2tcml","fieldName":"student"}],[{"_typeName":"Student","id":"cjuzad0oe069t0756l09jxg4q"},{"_typeName":"Participant","id":"cjvpng9x807m60a56jyvx055j","fieldName":"student"}],[{"_typeName":"Student","id":"cjuz8oe6505qk07562cly60qt"},{"_typeName":"Participant","id":"cjvpng9xc07m90a56ahr4loq3","fieldName":"student"}],[{"_typeName":"Student","id":"cjuz8o19t05qe0756x0g5rk0y"},{"_typeName":"Participant","id":"cjvpng9xi07mc0a56pl1rsblw","fieldName":"student"}],[{"_typeName":"Student","id":"cjurxtfgu02jd0756ert1zhjr"},{"_typeName":"Participant","id":"cjvppt60y07u00a56dcgbhtzm","fieldName":"student"}],[{"_typeName":"Student","id":"cjuz8p34605qw0756k99f37bm"},{"_typeName":"Participant","id":"cjvtalemg083k0a56uav63syl","fieldName":"student"}],[{"_typeName":"Student","id":"cjv6v8mfz03bj0a5633z5w2o2"},{"_typeName":"Participant","id":"cjwa6n4c209io0a56820dwdhx","fieldName":"student"}],[{"_typeName":"Student","id":"cjurxtfdw02ir07566gxeeg7r"},{"_typeName":"Participant","id":"cjwa6n4dq09ir0a56eud5adnb","fieldName":"student"}],[{"_typeName":"Student","id":"cjurxtfd002ie0756va99rbqj"},{"_typeName":"Participant","id":"cjwa6n4f009iu0a56sp8jzz2y","fieldName":"student"}],[{"_typeName":"Student","id":"cjurxtfdx02is07562oy0t1td"},{"_typeName":"Participant","id":"cjwa6n4fs09ix0a56zszjisx9","fieldName":"student"}],[{"_typeName":"Student","id":"cjv6v8bhu03bd0a56wnexs7ya"},{"_typeName":"Participant","id":"cjwa6n4g709j00a5653rgtkt8","fieldName":"student"}],[{"_typeName":"Student","id":"cjv6v9p2y03bv0a569x5sp35z"},{"_typeName":"Participant","id":"cjwa6n4gd09j30a56l294gykp","fieldName":"student"}],[{"_typeName":"Student","id":"cjurxtfd502ij0756jm4sanwt"},{"_typeName":"Participant","id":"cjwa6n4gk09j60a56t8hynjwx","fieldName":"student"}],[{"_typeName":"Student","id":"cjurxtfg702j10756yd5l6mzx"},{"_typeName":"Participant","id":"cjwa6n4gx09j90a56jsnhhi2n","fieldName":"student"}],[{"_typeName":"Student","id":"cjv6v7a4a03av0a56betcyx3x"},{"_typeName":"Participant","id":"cjwa6n4h309jc0a5625kv8d46","fieldName":"student"}],[{"_typeName":"Student","id":"cjurxtfgj02j50756km540rx6"},{"_typeName":"Participant","id":"cjwa6n4h709jf0a56mtsg8dal","fieldName":"student"}],[{"_typeName":"Student","id":"cjurxtfdt02io0756yc1j574c"},{"_typeName":"Participant","id":"cjwa6n4hc09ji0a5635ai70he","fieldName":"student"}],[{"_typeName":"Student","id":"cjv6v7yh303b70a56pe55m84r"},{"_typeName":"Participant","id":"cjwa6n4hi09jl0a56sboejtm7","fieldName":"student"}],[{"_typeName":"Student","id":"cjv6va41s03c10a567699q03g"},{"_typeName":"Participant","id":"cjwa6n4ht09jo0a560jhzlhen","fieldName":"student"}],[{"_typeName":"Student","id":"cjv6v7okb03b10a56xy3yqve5"},{"_typeName":"Participant","id":"cjwa6n4hz09jr0a56gjdmlhsj","fieldName":"student"}],[{"_typeName":"Student","id":"cjv6wm51m03p80a56sgxjp0u6"},{"_typeName":"Participant","id":"cjwa6n4i409ju0a56hu8y1sth","fieldName":"student"}],[{"_typeName":"Student","id":"cjuzac79r069h0756dmevc97y"},{"_typeName":"Participant","id":"cjwa6n4i909jx0a560ys7711p","fieldName":"student"}],[{"_typeName":"User","id":"cjwdhmhzd0bpu0a56sz8bx9e1","fieldName":"student"},{"_typeName":"Student","id":"cjurxtfdw02ir07566gxeeg7r","fieldName":"user"}],[{"_typeName":"User","id":"cjvxh39io09df0a56nw0ifb0k","fieldName":"student"},{"_typeName":"Student","id":"cjurxtfgu02jd0756ert1zhjr","fieldName":"user"}],[{"_typeName":"Student","id":"cjurxtfd002ie0756va99rbqj","fieldName":"payments"},{"_typeName":"Payment","id":"cjwadzswb0b6r0a566rbyf2zl","fieldName":"student"}],[{"_typeName":"Studio","id":"cjuiw75i8006d07561dar4rwz","fieldName":"rooms"},{"_typeName":"Room","id":"cjujemclm008r0756ut6fd6jy","fieldName":"studio"}],[{"_typeName":"Studio","id":"cjuiw75i8006d07561dar4rwz","fieldName":"rooms"},{"_typeName":"Room","id":"cjupagzvw012a0756evo0cf2l","fieldName":"studio"}],[{"_typeName":"Participant","id":"cjvpng9v807lc0a566urfzibk"},{"_typeName":"Card","id":"cjvcq8w0e06c10a56wep21aw6","fieldName":"participationHistory"}],[{"_typeName":"Participant","id":"cjvpng9tj07l60a56vlyy7fqp"},{"_typeName":"Card","id":"cjvtb1fnv084u0a560hainzgz","fieldName":"participationHistory"}],[{"_typeName":"Participant","id":"cjvpng9w907ll0a56o1mr1rc3"},{"_typeName":"Card","id":"cjvtb1k1k085g0a56mu0qwz8u","fieldName":"participationHistory"}],[{"_typeName":"Participant","id":"cjvpng9tu07l90a563p0fs4bf"},{"_typeName":"Card","id":"cjvtc11pl08cw0a56vfslfj2t","fieldName":"participationHistory"}],[{"_typeName":"Teacher","id":"cjupep4dy01j007569vkao2t5","fieldName":"courses"},{"_typeName":"Course","id":"cjupsc82701ut0756bfmkt1mm","fieldName":"teachers"}],[{"_typeName":"Teacher","id":"cjupfyfgw01kt075624tkqyqj","fieldName":"courses"},{"_typeName":"Course","id":"cjupsc82701ut0756bfmkt1mm","fieldName":"teachers"}],[{"_typeName":"Teacher","id":"cjupep4dy01j007569vkao2t5","fieldName":"courses"},{"_typeName":"Course","id":"cjuspc9ud03fl0756i1ka1u6j","fieldName":"teachers"}],[{"_typeName":"Teacher","id":"cjupfyfgw01kt075624tkqyqj","fieldName":"courses"},{"_typeName":"Course","id":"cjuspc9ud03fl0756i1ka1u6j","fieldName":"teachers"}],[{"_typeName":"Teacher","id":"cjupfyfgw01kt075624tkqyqj","fieldName":"courses"},{"_typeName":"Course","id":"cjv6wibin03os0a563mfpex8b","fieldName":"teachers"}],[{"_typeName":"Student","id":"cjurxtfgu02jd0756ert1zhjr","fieldName":"cards"},{"_typeName":"Card","id":"cjvcpx7kw06910a56hvt44rf8","fieldName":"student"}],[{"_typeName":"Student","id":"cjuz8ni4a05q80756tpoh61or","fieldName":"cards"},{"_typeName":"Card","id":"cjvcq8w0e06c10a56wep21aw6","fieldName":"student"}],[{"_typeName":"Student","id":"cjurxtfdx02is07562oy0t1td","fieldName":"cards"},{"_typeName":"Card","id":"cjvtb1fnv084u0a560hainzgz","fieldName":"student"}],[{"_typeName":"Student","id":"cjurxtfgr02j90756m2w3vs43","fieldName":"cards"},{"_typeName":"Card","id":"cjvtb1k1k085g0a56mu0qwz8u","fieldName":"student"}],[{"_typeName":"Student","id":"cjurxtfdw02ir07566gxeeg7r","fieldName":"cards"},{"_typeName":"Card","id":"cjvtc11pl08cw0a56vfslfj2t","fieldName":"student"}],[{"_typeName":"Student","id":"cjurxtfd002ie0756va99rbqj","fieldName":"cards"},{"_typeName":"Card","id":"cjvuzj399090w0a56436rq0y0","fieldName":"student"}]]}